first_name,last_name,address,city,postal_code,email,phone_number,employee,title,restaurant_id,employee_id,experience_years,salary_id
Jennifer,Grant,2440 Amy Highway,Lake Michael,76078,jennifer@grant.net,+44 44 8756271,sous chef-1,Sous Chef,HKI001,0001,1,26
George,Rojas,7703 William Plaza,Kaylachester,50507,george@rojas.net,+44 44 5508459,head chef-1,Head Chef,HKI001,0002,8,8
Lisa,Monroe,4626 Timothy Motorway Apt. 418,North Meganborough,99182,lisa@monroe.net,+44 44 3727410,line cook-1,Line Cook,HKI001,0003,2,77
Christopher,Bowers,8050 Anna Crossing,Port Kevinhaven,52791,christopher@bowers.net,+44 44 7451334,sous chef-2,Sous Chef,HKI001,0004,2,27
Timothy,Harmon,863 Cooper Key Suite 282,North Kellymouth,97186,timothy@harmon.net,+44 44 1244302,line cook-2,Line Cook,HKI001,0005,4,79
Kenneth,Levine,35959 Benjamin Creek Suite 073,Doughertytown,16386,kenneth@levine.net,+44 44 5179236,line cook-3,Line Cook,HKI001,0006,5,80
William,Phelps,11142 Stevens Views Apt. 707,Pattersontown,08094,william@phelps.net,+44 44 5886456,line cook-4,Line Cook,HKI001,0007,7,82
Charles,Brady,85189 Arnold Pike,Rodriguezfurt,08944,charles@brady.net,+44 44 9421734,line cook-5,Line Cook,HKI001,0008,2,77
Richard,White,136 Bonnie Plaza Suite 807,South Johnfort,98093,richard@white.net,+44 44 0958519,line cook-6,Line Cook,HKI001,0009,5,80
David,Garcia,5930 Christine Junction Apt. 086,New Michaelburgh,56078,david@garcia.net,+44 44 4776052,line cook-7,Line Cook,HKI001,0010,3,78
Matthew,Clark,7056 Watson Cliff,East Meredith,47545,matthew@clark.net,+44 44 5941869,line cook-8,Line Cook,HKI001,0011,1,76
Laura,Hood,10737 Meyers Row Apt. 686,Kramerhaven,47127,laura@hood.net,+44 44 0038032,line cook-9,Line Cook,HKI001,0012,1,76
Jeffrey,Kelly,6811 Joshua Key,South Mary,45401,jeffrey@kelly.net,+44 44 9909747,line cook-10,Line Cook,HKI001,0013,1,76
Nicole,Carrillo,3785 Elizabeth Pike Suite 756,New Victoriaport,36616,nicole@carrillo.net,+44 44 8317066,line cook-11,Line Cook,HKI001,0014,8,83
Richard,Moore,07569 Gavin Stravenue Apt. 007,Lake Lisastad,68090,richard@moore.net,+44 44 9037221,line cook-12,Line Cook,HKI001,0015,9,84
Randy,Castro,78472 Erin Branch Apt. 655,New John,28764,randy@castro.net,+44 44 2283078,host-1,Host,HKI001,0016,8,58
Ryan,Gibson,665 Evans Stream,North Danielview,68983,ryan@gibson.net,+44 44 7858968,host-2,Host,HKI001,0017,9,59
Justin,Oneill,00911 Smith Locks Apt. 533,West Dustinshire,33246,justin@oneill.net,+44 44 3648513,waiter-1,Waiter,HKI001,0018,1,101
Donald,Johnson,670 Olson Circles Apt. 422,South Allenmouth,23665,donald@johnson.net,+44 44 7388092,host-3,Host,HKI001,0019,4,54
Michael,Sosa,83853 Julie Drive Suite 485,West Kimberly,27719,michael@sosa.net,+44 44 9597019,waiter-2,Waiter,HKI001,0020,3,103
John,Carr,465 Maurice Ridges,Watsonstad,50111,john@carr.net,+44 44 8593323,waiter-3,Waiter,HKI001,0021,5,105
James,Rogers,445 Scott Pass Apt. 337,Port Evan,72320,james@rogers.net,+44 44 1754114,waiter-4,Waiter,HKI001,0022,2,102
Katherine,Davis,345 Theresa Lake Suite 090,West Richardton,83542,katherine@davis.net,+44 44 0627196,waiter-5,Waiter,HKI001,0023,11,111
Cassidy,Castaneda,9066 Mitchell Bridge Apt. 944,Palmermouth,52087,cassidy@castaneda.net,+44 44 2104037,waiter-6,Waiter,HKI001,0024,3,103
Valerie,Griffin,05350 Emma Club Apt. 146,Lake Jenniferville,48810,valerie@griffin.net,+44 44 9512045,waiter-7,Waiter,HKI001,0025,3,103
Yolanda,Stanley,62925 Dyer Ferry,Lindaberg,07730,yolanda@stanley.net,+44 44 1842784,waiter-8,Waiter,HKI001,0026,5,105
Thomas,Zuniga,033 Curry Station,Ronaldview,63845,thomas@zuniga.net,+44 44 5494462,waiter-9,Waiter,HKI001,0027,1,101
Michael,Brady,834 Jacqueline Run,Josemouth,66595,michael@brady.net,+44 44 0253472,waiter-10,Waiter,HKI001,0028,4,104
Rachel,Thornton,2800 Hammond Ferry,New Robert,12367,rachel@thornton.net,+44 44 3102823,waiter-11,Waiter,HKI001,0029,2,102
Jeffrey,Lyons,638 Scott Point Suite 422,Johnburgh,44027,jeffrey@lyons.net,+44 44 3374042,waiter-12,Waiter,HKI001,0030,4,104
Rebecca,Brown,270 Gomez Ridges Suite 333,South Phillipfurt,70650,rebecca@brown.net,+44 44 2059566,sous chef-1,Sous Chef,HKI002,0031,4,29
Randy,Rasmussen,46521 Lane Streets,Osborneland,65617,randy@rasmussen.net,+44 44 0688127,head chef-1,Head Chef,HKI002,0032,5,5
James,Collins,8220 Corey Highway Apt. 812,North Glenshire,71075,james@collins.net,+44 44 7503591,line cook-1,Line Cook,HKI002,0033,4,79
Carol,Yoder,263 Davis Fords,Rosemouth,25649,carol@yoder.net,+44 44 3154133,sous chef-2,Sous Chef,HKI002,0034,6,31
Abigail,Farrell,86490 Nancy Ferry,Hatfieldfurt,93350,abigail@farrell.net,+44 44 1832892,line cook-2,Line Cook,HKI002,0035,2,77
Dustin,Peterson,7196 David Fords,Lake Robinfurt,05788,dustin@peterson.net,+44 44 3766209,line cook-3,Line Cook,HKI002,0036,4,79
Crystal,Rhodes,9073 Rebekah Radial Suite 436,East Frank,55802,crystal@rhodes.net,+44 44 4040157,line cook-4,Line Cook,HKI002,0037,1,76
Joseph,Watkins,0048 Elizabeth Court Apt. 125,Allenberg,26389,joseph@watkins.net,+44 44 9823841,line cook-5,Line Cook,HKI002,0038,5,80
Jacqueline,Murphy,64434 Roberts Crossing,South Cathyborough,94910,jacqueline@murphy.net,+44 44 0697345,line cook-6,Line Cook,HKI002,0039,3,78
Paul,Lucero,726 Arnold Loop,Smithbury,11539,paul@lucero.net,+44 44 2760575,line cook-7,Line Cook,HKI002,0040,3,78
Scott,Carroll,94038 Moreno Village Suite 637,Edwardside,25630,scott@carroll.net,+44 44 2728756,line cook-8,Line Cook,HKI002,0041,11,86
Joseph,Moran,736 Crystal Knolls,South Annaborough,56147,joseph@moran.net,+44 44 1257454,line cook-9,Line Cook,HKI002,0042,15,90
Michael,Baxter,602 Edward Lakes Suite 483,New Gabriela,01414,michael@baxter.net,+44 44 5170733,line cook-10,Line Cook,HKI002,0043,2,77
Kathleen,Lowery,0513 Martin Park Apt. 621,Robertsonton,83510,kathleen@lowery.net,+44 44 2694429,line cook-11,Line Cook,HKI002,0044,4,79
Tracy,Wolfe,227 Regina Ford,Cooperhaven,78610,tracy@wolfe.net,+44 44 1058065,line cook-12,Line Cook,HKI002,0045,5,80
James,Perez,587 Oliver View,Montgomeryland,02687,james@perez.net,+44 44 1535489,host-1,Host,HKI002,0046,2,52
Cheryl,Porter,4112 Sonya Lodge,New Stephanieborough,98268,cheryl@porter.net,+44 44 1234112,host-2,Host,HKI002,0047,4,54
Alexander,Lucas,13414 Joseph Unions,Francoville,45922,alexander@lucas.net,+44 44 4809919,waiter-1,Waiter,HKI002,0048,9,109
Sydney,Mcgrath,073 Foster Street Suite 249,Lake Adamburgh,64423,sydney@mcgrath.net,+44 44 0137020,host-3,Host,HKI002,0049,5,55
Katelyn,Young,971 Yates Way,Jonesland,51961,katelyn@young.net,+44 44 9658528,waiter-2,Waiter,HKI002,0050,8,108
Mary,Jimenez,391 Strickland Tunnel Apt. 642,Mariahchester,43759,mary@jimenez.net,+44 44 6394244,waiter-3,Waiter,HKI002,0051,1,101
Cindy,Olsen,55669 Angela Plaza,Jonathanshire,73120,cindy@olsen.net,+44 44 0306349,waiter-4,Waiter,HKI002,0052,1,101
Barbara,Rodriguez,979 Victoria Neck,West Brianatown,62474,barbara@rodriguez.net,+44 44 7115079,waiter-5,Waiter,HKI002,0053,1,101
Holly,Jackson,0530 Stephanie Terrace,West Michelle,45761,holly@jackson.net,+44 44 6290333,waiter-6,Waiter,HKI002,0054,3,103
Meghan,Contreras,253 Frazier Stream Suite 097,Traceyview,09891,meghan@contreras.net,+44 44 8490946,waiter-7,Waiter,HKI002,0055,5,105
Laura,Davies,74480 Martin Drive,Taylorton,85089,laura@davies.net,+44 44 3814962,waiter-8,Waiter,HKI002,0056,2,102
Ronald,Bell,3156 Robert Port,South Jerry,36123,ronald@bell.net,+44 44 2376898,waiter-9,Waiter,HKI002,0057,7,107
Courtney,Daniel,732 Richards River Suite 274,North Dennis,40622,courtney@daniel.net,+44 44 7562818,waiter-10,Waiter,HKI002,0058,5,105
Ryan,Anderson,743 John Mount,Sarahside,71788,ryan@anderson.net,+44 44 7186533,waiter-11,Waiter,HKI002,0059,4,104
Kathy,Monroe,32759 Adams Greens,Matthewside,20474,kathy@monroe.net,+44 44 2598703,waiter-12,Waiter,HKI002,0060,2,102
Mary,Velasquez,5494 Jennifer Bridge,West Kimberly,38248,mary@velasquez.net,+44 44 9858799,sous chef-1,Sous Chef,HKI003,0061,2,27
David,Torres,322 Lewis Crescent Suite 768,North Bryanmouth,64718,david@torres.net,+44 44 5075373,head chef-1,Head Chef,HKI003,0062,3,3
Patricia,Carrillo,894 Robert Tunnel,North Ernest,72433,patricia@carrillo.net,+44 44 4284758,line cook-1,Line Cook,HKI003,0063,7,82
Gregory,Morgan,40430 Huynh Lock,Stoneberg,37175,gregory@morgan.net,+44 44 8031927,sous chef-2,Sous Chef,HKI003,0064,9,34
Julian,Harris,5773 Martin Union,Campbellfurt,24269,julian@harris.net,+44 44 2611688,line cook-2,Line Cook,HKI003,0065,2,77
Hunter,Smith,87459 Long Estates,Anneville,25786,hunter@smith.net,+44 44 5573816,line cook-3,Line Cook,HKI003,0066,5,80
Eric,Flores,2850 Anderson Hollow,Davidview,79213,eric@flores.net,+44 44 0846654,line cook-4,Line Cook,HKI003,0067,3,78
Nicholas,Stevens,3395 Smith Shore,Lake John,37163,nicholas@stevens.net,+44 44 6773350,line cook-5,Line Cook,HKI003,0068,1,76
Nancy,Lee,7792 Aguilar Oval,Lake Daniel,73081,nancy@lee.net,+44 44 4905974,line cook-6,Line Cook,HKI003,0069,1,76
Angela,Scott,463 Sara Island Apt. 035,New Taraburgh,63694,angela@scott.net,+44 44 1411226,line cook-7,Line Cook,HKI003,0070,1,76
Susan,Brady,1431 William Vista,Michaelfurt,89718,susan@brady.net,+44 44 2013099,line cook-8,Line Cook,HKI003,0071,8,83
Gregory,Benitez,84881 Gerald Viaduct,Lake Stevenmouth,20044,gregory@benitez.net,+44 44 6570146,line cook-9,Line Cook,HKI003,0072,9,84
Travis,Miller,5555 Moran Ranch Apt. 593,South Perrytown,68241,travis@miller.net,+44 44 5125862,line cook-10,Line Cook,HKI003,0073,4,79
Shelly,Lamb,722 Timothy Row Apt. 642,Veronicashire,54576,shelly@lamb.net,+44 44 1566343,line cook-11,Line Cook,HKI003,0074,2,77
Arthur,Oliver,2702 Haley Locks,Garciabury,76971,arthur@oliver.net,+44 44 5624191,line cook-12,Line Cook,HKI003,0075,4,79
Margaret,Powell,927 Jacob Knolls Suite 521,Beckyfort,71535,margaret@powell.net,+44 44 7552565,host-1,Host,HKI003,0076,3,53
Michelle,Taylor,427 Rios Greens Apt. 232,New Jessica,62415,michelle@taylor.net,+44 44 6322453,host-2,Host,HKI003,0077,3,53
Sarah,Smith,292 Kevin Trail Apt. 418,North Catherineland,89426,sarah@smith.net,+44 44 7343958,waiter-1,Waiter,HKI003,0078,5,105
Shane,Mora,2665 Chang Fort Suite 521,Bauerberg,22559,shane@mora.net,+44 44 3791386,host-3,Host,HKI003,0079,2,52
Daniel,Anderson,36725 Dennis Meadow Apt. 229,Lake Jennifermouth,30128,daniel@anderson.net,+44 44 8437792,waiter-2,Waiter,HKI003,0080,1,101
Lynn,Jones,042 Nunez Underpass,East Crystalburgh,75578,lynn@jones.net,+44 44 4597767,waiter-3,Waiter,HKI003,0081,4,104
James,Miller,6806 Christopher Inlet Suite 109,New Erin,51296,james@miller.net,+44 44 1811700,waiter-4,Waiter,HKI003,0082,2,102
Maria,Sanders,341 Rachel Ports,East Darren,21930,maria@sanders.net,+44 44 5557572,waiter-5,Waiter,HKI003,0083,4,104
Joshua,Gardner,1187 Michael Canyon Apt. 029,South Jennifer,52044,joshua@gardner.net,+44 44 4175556,waiter-6,Waiter,HKI003,0084,9,109
Justin,Harrison,74763 Russell Road,Lawrencechester,73468,justin@harrison.net,+44 44 6088899,waiter-7,Waiter,HKI003,0085,8,108
Tyler,Keith,082 Tyler Green Apt. 985,East Jonathan,83671,tyler@keith.net,+44 44 4609673,waiter-8,Waiter,HKI003,0086,1,101
Chelsea,Johnson,918 Williams Forge Apt. 580,East Sylvia,27712,chelsea@johnson.net,+44 44 3155751,waiter-9,Waiter,HKI003,0087,1,101
John,Morgan,281 Amanda Centers Suite 693,North Wendy,56502,john@morgan.net,+44 44 6906134,waiter-10,Waiter,HKI003,0088,1,101
Ross,Lambert,6005 Reeves Hills Suite 956,Port Jose,88389,ross@lambert.net,+44 44 2313626,waiter-11,Waiter,HKI003,0089,3,103
Kimberly,Williams,38793 Thompson Brooks,South Eduardomouth,88277,kimberly@williams.net,+44 44 2265654,waiter-12,Waiter,HKI003,0090,5,105
Gregory,Lee,5283 Jean Islands Apt. 859,Lake Courtneystad,52619,gregory@lee.net,+44 44 6835471,sous chef-1,Sous Chef,TKU001,0091,4,29
Ariel,Giles,756 Gordon Bypass,New Thomasview,36634,ariel@giles.net,+44 44 1918912,head chef-1,Head Chef,TKU001,0092,6,6
John,Daniel,32013 Jeffrey Mills Suite 619,Shawnberg,75087,john@daniel.net,+44 44 8246157,line cook-1,Line Cook,TKU001,0093,1,76
Harold,Perkins,19105 Walker Branch,Lake Debra,56440,harold@perkins.net,+44 44 7781365,sous chef-2,Sous Chef,TKU001,0094,5,30
Diana,Nelson,33776 Jasmin Hill Apt. 227,Woodsport,86512,diana@nelson.net,+44 44 4301392,line cook-2,Line Cook,TKU001,0095,5,80
Alexandria,Lewis,729 Dustin Point,North Christina,26692,alexandria@lewis.net,+44 44 6632966,line cook-3,Line Cook,TKU001,0096,3,78
John,Collins,1531 Rogers Alley Suite 049,Lake Christopher,75942,john@collins.net,+44 44 0845441,line cook-4,Line Cook,TKU001,0097,3,78
Nancy,Crawford,85941 Randall Ramp Apt. 357,Nicholaschester,77182,nancy@crawford.net,+44 44 3299404,line cook-5,Line Cook,TKU001,0098,11,86
Michael,Caldwell,35887 Bailey Cliffs,South Jonathan,69905,michael@caldwell.net,+44 44 4412577,line cook-6,Line Cook,TKU001,0099,2,77
Andrew,Mccormick,85305 Lopez Ports,Cooleyfurt,27517,andrew@mccormick.net,+44 44 2724970,line cook-7,Line Cook,TKU001,0100,4,79
Tanya,Rodriguez,356 Klein Pass Suite 861,Carrolltown,80133,tanya@rodriguez.net,+44 44 0113532,line cook-8,Line Cook,TKU001,0101,5,80
Theresa,Henderson,77739 Summer Mountains Apt. 205,Lake Angela,97912,theresa@henderson.net,+44 44 2607895,line cook-9,Line Cook,TKU001,0102,7,82
Angela,Williams,22691 Sandra Way,South Rogerfort,74345,angela@williams.net,+44 44 3921814,line cook-10,Line Cook,TKU001,0103,2,77
Courtney,Barajas,335 Deborah Spur Apt. 160,New Jacquelinestad,76486,courtney@barajas.net,+44 44 1119341,line cook-11,Line Cook,TKU001,0104,5,80
Kyle,Wilkins,20409 Sweeney Fords Suite 791,Williamsborough,61061,kyle@wilkins.net,+44 44 1526971,line cook-12,Line Cook,TKU001,0105,3,78
Douglas,Morrison,251 Matthew Stream,South Coreyside,34653,douglas@morrison.net,+44 44 2574948,host-1,Host,TKU001,0106,4,54
Joseph,Tucker,6106 Cummings Vista,Brucemouth,44069,joseph@tucker.net,+44 44 6006767,host-2,Host,TKU001,0107,5,55
Phillip,Barnes,34724 Black Crossing Suite 279,Kimfurt,27723,phillip@barnes.net,+44 44 6059734,waiter-1,Waiter,TKU001,0108,2,102
Michele,Jones,56659 Hoffman Dam Suite 185,Melindafort,43401,michele@jones.net,+44 44 4827334,host-3,Host,TKU001,0109,7,57
Susan,Duran,108 Miranda Views,Ingrammouth,94821,susan@duran.net,+44 44 1609915,waiter-2,Waiter,TKU001,0110,7,107
Laurie,Murray,680 Amanda Shore Apt. 103,West Debra,25131,laurie@murray.net,+44 44 4946409,waiter-3,Waiter,TKU001,0111,5,105
Jeremy,Harrison,75263 Gregory Via,New Pamela,57149,jeremy@harrison.net,+44 44 5087085,waiter-4,Waiter,TKU001,0112,4,104
Amy,Rosario,79621 Catherine Ferry,Gomezside,06973,amy@rosario.net,+44 44 8897807,waiter-5,Waiter,TKU001,0113,2,102
Albert,Martinez,71309 Guzman Ports Apt. 411,Lake Andrewhaven,35276,albert@martinez.net,+44 44 4464834,waiter-6,Waiter,TKU001,0114,2,102
Amy,Pratt,8302 Bradshaw Dale Suite 121,Abigailfurt,99019,amy@pratt.net,+44 44 1894633,waiter-7,Waiter,TKU001,0115,4,104
Luis,Becker,5350 Stout Knoll,Gardnerside,83986,luis@becker.net,+44 44 9005838,waiter-8,Waiter,TKU001,0116,9,109
Teresa,Silva,047 Potter Plain,Ashleychester,47920,teresa@silva.net,+44 44 5572368,waiter-9,Waiter,TKU001,0117,8,108
Stacey,Williams,0760 William Plain,Ryantown,28630,stacey@williams.net,+44 44 5506623,waiter-10,Waiter,TKU001,0118,1,101
Corey,Lozano,940 Lindsey Isle,West Tina,55974,corey@lozano.net,+44 44 5088911,waiter-11,Waiter,TKU001,0119,1,101
Stanley,Carter,008 Hernandez Loop Apt. 316,New Patricktown,83602,stanley@carter.net,+44 44 0300564,waiter-12,Waiter,TKU001,0120,1,101
Brenda,Thompson,10031 Sullivan Ville,Port Sarah,16759,brenda@thompson.net,+44 44 1201028,sous chef-1,Sous Chef,TKU002,0121,1,26
Lisa,Peterson,4605 Sandra Unions,New Rebeccaview,53604,lisa@peterson.net,+44 44 0798877,head chef-1,Head Chef,TKU002,0122,7,7
Sean,Martin,694 Hill Lodge Apt. 743,Jasonton,23043,sean@martin.net,+44 44 8658449,line cook-1,Line Cook,TKU002,0123,1,76
Michael,Knox,5942 Brandon Shoal,West Alexis,37837,michael@knox.net,+44 44 2356279,sous chef-2,Sous Chef,TKU002,0124,2,27
Steven,Hall,212 Willis Island Suite 058,New Carolyn,49036,steven@hall.net,+44 44 2495423,line cook-2,Line Cook,TKU002,0125,1,76
Angel,Alvarez,98628 Frank Brook Apt. 874,Jamesberg,58945,angel@alvarez.net,+44 44 9304022,line cook-3,Line Cook,TKU002,0126,1,76
Patricia,Bennett,55512 Flynn Spur Apt. 163,Martinstad,35641,patricia@bennett.net,+44 44 9566283,line cook-4,Line Cook,TKU002,0127,8,83
Brandi,West,0867 Jennifer Summit Suite 722,East Karlaville,12664,brandi@west.net,+44 44 0369725,line cook-5,Line Cook,TKU002,0128,9,84
Kimberly,Mathis,46271 Michael Lights,Mercadochester,46970,kimberly@mathis.net,+44 44 6212072,line cook-6,Line Cook,TKU002,0129,4,79
Lauren,Willis,43957 Williams Ville Apt. 763,East Jennifer,01546,lauren@willis.net,+44 44 5548721,line cook-7,Line Cook,TKU002,0130,2,77
Jack,Landry,010 Lee Lakes,North Richard,77824,jack@landry.net,+44 44 1527905,line cook-8,Line Cook,TKU002,0131,2,77
Lindsey,Moore,6506 Scott Station Suite 486,North Jennifer,57525,lindsey@moore.net,+44 44 9071447,line cook-9,Line Cook,TKU002,0132,4,79
James,Smith,515 Elizabeth Drives,Jessicaton,61834,james@smith.net,+44 44 3521001,line cook-10,Line Cook,TKU002,0133,5,80
Scott,Martin,69880 Kelly Knoll,Marktown,58880,scott@martin.net,+44 44 5533775,line cook-11,Line Cook,TKU002,0134,7,82
Jessica,Wells,9404 Avery Road,East Juanmouth,55425,jessica@wells.net,+44 44 0546498,line cook-12,Line Cook,TKU002,0135,2,77
Linda,Zimmerman,2405 Justin Bridge,East Phillipfurt,90216,linda@zimmerman.net,+44 44 6507256,host-1,Host,TKU002,0136,2,52
Raymond,Black,6351 Kevin Estate Suite 643,Wilsonshire,51501,raymond@black.net,+44 44 5663316,host-2,Host,TKU002,0137,5,55
Victor,Johnson,565 Thomas Crescent Apt. 141,New Jasonside,37576,victor@johnson.net,+44 44 9907995,waiter-1,Waiter,TKU002,0138,3,103
Kevin,Shepard,3327 Jessica Vista Apt. 145,South Marcshire,56842,kevin@shepard.net,+44 44 5950054,host-3,Host,TKU002,0139,3,53
Patricia,Kemp,64943 Nelson Bridge,South Sarah,81362,patricia@kemp.net,+44 44 2960066,waiter-2,Waiter,TKU002,0140,5,105
Sean,Freeman,232 Teresa Springs,Tylerland,63434,sean@freeman.net,+44 44 5193309,waiter-3,Waiter,TKU002,0141,2,102
Michael,Fisher,097 Sanders Knolls Suite 937,Gentrystad,99664,michael@fisher.net,+44 44 5204312,waiter-4,Waiter,TKU002,0142,7,107
Christopher,Gardner,670 Romero Street Apt. 315,Sanchezville,94635,christopher@gardner.net,+44 44 9793585,waiter-5,Waiter,TKU002,0143,5,105
Janet,Padilla,03487 Travis Branch Apt. 540,West Karenburgh,65737,janet@padilla.net,+44 44 8303495,waiter-6,Waiter,TKU002,0144,4,104
Kimberly,Martinez,258 Tami Crest,Bassfurt,04025,kimberly@martinez.net,+44 44 7520828,waiter-7,Waiter,TKU002,0145,2,102
Jason,Johnson,482 Juan Crest Apt. 474,Thomasview,89725,jason@johnson.net,+44 44 8951687,waiter-8,Waiter,TKU002,0146,11,111
Joshua,Berry,34596 Wilson Coves Apt. 623,Grahamport,28025,joshua@berry.net,+44 44 8245297,waiter-9,Waiter,TKU002,0147,3,103
Brian,Jackson,5837 Robinson Pine,Lake Johnchester,93098,brian@jackson.net,+44 44 9206617,waiter-10,Waiter,TKU002,0148,3,103
Elizabeth,Washington,8360 Davis Causeway Suite 828,South Gabrielborough,58214,elizabeth@washington.net,+44 44 4898017,waiter-11,Waiter,TKU002,0149,5,105
Sarah,Franco,608 Tammy Heights,Lake Briannatown,62336,sarah@franco.net,+44 44 3290121,waiter-12,Waiter,TKU002,0150,1,101
Pamela,Thornton,1406 Mcgee Oval Apt. 978,South Victoria,36098,pamela@thornton.net,+44 44 3117024,sous chef-1,Sous Chef,TRE001,0151,7,32
Angela,Richards,616 Rodriguez Lodge Apt. 602,Melissaview,94552,angela@richards.net,+44 44 6618742,head chef-1,Head Chef,TRE001,0152,11,11
Selena,Vasquez,8030 Flores Bypass Apt. 001,West Meganfort,13107,selena@vasquez.net,+44 44 8576501,line cook-1,Line Cook,TRE001,0153,5,80
James,Powell,28903 Mays Crest,South John,97766,james@powell.net,+44 44 0389532,sous chef-2,Sous Chef,TRE001,0154,1,26
Connor,Wright,0695 Davidson Drives,Chloetown,30091,connor@wright.net,+44 44 7403336,line cook-2,Line Cook,TRE001,0155,3,78
Joann,Garcia,1794 Lisa Plaza,New Shannonport,27613,joann@garcia.net,+44 44 5394428,line cook-3,Line Cook,TRE001,0156,1,76
John,Dixon,5864 Mathew Ports,Ericaton,09808,john@dixon.net,+44 44 0952913,line cook-4,Line Cook,TRE001,0157,1,76
Lisa,Hill,395 Dominique Extensions Suite 025,Lake Patriciachester,55927,lisa@hill.net,+44 44 2151607,line cook-5,Line Cook,TRE001,0158,1,76
Timothy,Bentley,773 Scott Grove,Marktown,67763,timothy@bentley.net,+44 44 2300461,line cook-6,Line Cook,TRE001,0159,8,83
Angel,Small,48383 Ross Center,Lake Patricia,20056,angel@small.net,+44 44 3808590,line cook-7,Line Cook,TRE001,0160,9,84
Ryan,Wood,4092 Jamie Glen Suite 965,Lake Ryanstad,48991,ryan@wood.net,+44 44 2176369,line cook-8,Line Cook,TRE001,0161,4,79
Lisa,Strong,04351 Dawn Walks Suite 941,Port Hannah,42672,lisa@strong.net,+44 44 8535022,line cook-9,Line Cook,TRE001,0162,2,77
Melissa,Harper,045 Wilkins Stream Apt. 248,Aaronberg,77416,melissa@harper.net,+44 44 6408136,line cook-10,Line Cook,TRE001,0163,4,79
Andrew,Randolph,17082 Paul Via Apt. 094,New Michaelstad,32488,andrew@randolph.net,+44 44 2438614,line cook-11,Line Cook,TRE001,0164,1,76
Carlos,Ferguson,0218 Thomas Rest,Nicoleburgh,63555,carlos@ferguson.net,+44 44 6719118,line cook-12,Line Cook,TRE001,0165,5,80
Joan,Kelly,3515 Hanson Mountains Apt. 405,West Davidchester,36874,joan@kelly.net,+44 44 0614836,host-1,Host,TRE001,0166,4,54
Cathy,Stokes,62208 Renee Club Apt. 147,Mitchellchester,21784,cathy@stokes.net,+44 44 8924844,host-2,Host,TRE001,0167,2,52
Heather,Wright,33074 Martin Knoll Suite 933,Luisland,50998,heather@wright.net,+44 44 6664882,waiter-1,Waiter,TRE001,0168,4,104
Paul,Ruiz,3827 Johnson Port Apt. 406,Jamesshire,06044,paul@ruiz.net,+44 44 7211554,host-3,Host,TRE001,0169,4,54
Tony,Hubbard,643 Tate Fork,East Emilyberg,99269,tony@hubbard.net,+44 44 1640620,waiter-2,Waiter,TRE001,0170,2,102
Jordan,Russell,7853 Stephen Summit,New Sharon,46031,jordan@russell.net,+44 44 1428680,waiter-3,Waiter,TRE001,0171,4,104
Sherry,Myers,40152 Ashley Highway Suite 321,East Donna,98436,sherry@myers.net,+44 44 1510080,waiter-4,Waiter,TRE001,0172,9,109
Tyler,Moore,6858 Newman Pine Suite 095,Lake Saraland,66786,tyler@moore.net,+44 44 4644662,waiter-5,Waiter,TRE001,0173,8,108
Anthony,Benson,4986 Lauren Field,New Vanessa,20879,anthony@benson.net,+44 44 5370103,waiter-6,Waiter,TRE001,0174,1,101
Andres,Smith,1712 Renee Turnpike,New Debbiemouth,36914,andres@smith.net,+44 44 6343021,waiter-7,Waiter,TRE001,0175,1,101
Jeffrey,Thomas,056 Lisa Fork Suite 944,North Lauraview,35547,jeffrey@thomas.net,+44 44 9751822,waiter-8,Waiter,TRE001,0176,1,101
Mary,Martinez,5006 Ana Mountains,Harpertown,70832,mary@martinez.net,+44 44 3793334,waiter-9,Waiter,TRE001,0177,3,103
Catherine,Adkins,43439 Rangel Estate Apt. 871,Allenport,54463,catherine@adkins.net,+44 44 8183280,waiter-10,Waiter,TRE001,0178,5,105
Amanda,Adams,2705 Wilson Islands,Lake Johnathan,00740,amanda@adams.net,+44 44 3538872,waiter-11,Waiter,TRE001,0179,2,102
Daniel,Johnson,28453 Kemp Mount Suite 441,Holdenport,63271,daniel@johnson.net,+44 44 7350132,waiter-12,Waiter,TRE001,0180,7,107
Savannah,Hicks,2694 Janet Shoal,Normaview,56569,savannah@hicks.net,+44 44 1076953,sous chef-1,Sous Chef,TRE002,0181,3,28
Nicholas,Harmon,23814 Hudson Brooks Apt. 155,Lake Cameronport,87738,nicholas@harmon.net,+44 44 2158432,head chef-1,Head Chef,TRE002,0182,9,9
Joseph,Smith,744 Norton Coves,Hurststad,39505,joseph@smith.net,+44 44 5971233,line cook-1,Line Cook,TRE002,0183,2,77
Richard,Rodriguez,4550 Ryan Lodge,Port Andrewchester,26064,richard@rodriguez.net,+44 44 4714952,sous chef-2,Sous Chef,TRE002,0184,6,31
James,Wright,69329 Walker Knolls,West Eric,69131,james@wright.net,+44 44 2450792,line cook-2,Line Cook,TRE002,0185,4,79
Douglas,Goodman,91086 Lauren Square Suite 159,New Michaelchester,02729,douglas@goodman.net,+44 44 7279367,line cook-3,Line Cook,TRE002,0186,5,80
Morgan,Lewis,68439 Christina Stream,North Andrew,35187,morgan@lewis.net,+44 44 9827719,line cook-4,Line Cook,TRE002,0187,7,82
Anna,Greene,783 Eric Drive Suite 949,Bakerfort,46501,anna@greene.net,+44 44 0096456,line cook-5,Line Cook,TRE002,0188,2,77
George,Wood,445 Curry Union,Murphyfurt,93126,george@wood.net,+44 44 8194739,line cook-6,Line Cook,TRE002,0189,5,80
Antonio,Howard,20784 Bryan Station,East Laura,53147,antonio@howard.net,+44 44 0881073,line cook-7,Line Cook,TRE002,0190,3,78
Maria,Camacho,1744 Clark Road Apt. 400,Lake Michelle,16069,maria@camacho.net,+44 44 2875121,line cook-8,Line Cook,TRE002,0191,1,76
Michael,Gilbert,475 Frank Islands,Webbmouth,79129,michael@gilbert.net,+44 44 0387279,line cook-9,Line Cook,TRE002,0192,1,76
Wanda,George,550 Nicholas Burgs Apt. 299,Port Garyville,80409,wanda@george.net,+44 44 6223199,line cook-10,Line Cook,TRE002,0193,1,76
Mark,Collier,7201 Butler Plaza,Baldwinborough,62995,mark@collier.net,+44 44 9183223,line cook-11,Line Cook,TRE002,0194,8,83
Jaime,Carter,580 Kurt Circles Suite 136,East Lindsay,73103,jaime@carter.net,+44 44 7396968,line cook-12,Line Cook,TRE002,0195,9,84
Heather,Mcdonald,9963 Ashley Ways,Jasonhaven,36851,heather@mcdonald.net,+44 44 8371871,host-1,Host,TRE002,0196,5,55
Taylor,Nguyen,7718 Thompson Cove Suite 231,North Jason,96290,taylor@nguyen.net,+44 44 9820527,host-2,Host,TRE002,0197,3,53
Derek,Harvey,8992 Eric Rest Suite 742,Lake Linda,60006,derek@harvey.net,+44 44 2364961,waiter-1,Waiter,TRE002,0198,5,105
Alexander,Haynes,4477 Hampton Circles,East Thomas,61653,alexander@haynes.net,+44 44 9733003,host-3,Host,TRE002,0199,3,53
Kathy,Thomas,37345 Jacob Dam Apt. 131,West Benjaminshire,62211,kathy@thomas.net,+44 44 7062520,waiter-2,Waiter,TRE002,0200,4,104
Katie,Dennis,6833 Raymond Haven,Banksborough,68034,katie@dennis.net,+44 44 6205670,waiter-3,Waiter,TRE002,0201,2,102
Charles,Matthews,7297 Carter Key,Rodriguezchester,34469,charles@matthews.net,+44 44 4881402,waiter-4,Waiter,TRE002,0202,15,115
Jimmy,Miles,941 Patel Mall Suite 280,Emmaburgh,21360,jimmy@miles.net,+44 44 4739716,waiter-5,Waiter,TRE002,0203,11,111
Michael,Wilkinson,2347 Cheryl Burgs,East Wandachester,57644,michael@wilkinson.net,+44 44 7118832,waiter-6,Waiter,TRE002,0204,3,103
Heather,Larsen,1266 Rush Roads Suite 917,Alvaradofurt,42911,heather@larsen.net,+44 44 3179145,waiter-7,Waiter,TRE002,0205,3,103
Jimmy,Trujillo,8627 Perez Field,Mccarthyport,90725,jimmy@trujillo.net,+44 44 0749321,waiter-8,Waiter,TRE002,0206,5,105
Theresa,Wyatt,438 Webster Junctions Apt. 022,Emilyport,84587,theresa@wyatt.net,+44 44 3215397,waiter-9,Waiter,TRE002,0207,1,101
Stephanie,Duarte,2676 James Via,Rebeccamouth,72819,stephanie@duarte.net,+44 44 0007908,waiter-10,Waiter,TRE002,0208,4,104
Thomas,Greene,14512 Thomas Harbors,Lake Coreybury,76423,thomas@greene.net,+44 44 6715442,waiter-11,Waiter,TRE002,0209,2,102
Jennifer,Russell,50561 Gregory Estates,Alvarezfurt,89872,jennifer@russell.net,+44 44 3038321,waiter-12,Waiter,TRE002,0210,4,104
Corey,Vargas,77090 Stuart Port,East Samantha,45184,corey@vargas.net,+44 44 2347999,sous chef-1,Sous Chef,OUL001,0211,7,32
Robert,Johnson,6346 Fox Curve,Lake Jessicafort,25473,robert@johnson.net,+44 44 9986053,head chef-1,Head Chef,OUL001,0212,1,1
Madison,Chung,231 Smith Prairie,Josephshire,37260,madison@chung.net,+44 44 3565670,line cook-1,Line Cook,OUL001,0213,4,79
William,Burton,40541 Anderson Valleys Apt. 670,Port Alicia,27358,william@burton.net,+44 44 2151193,sous chef-2,Sous Chef,OUL001,0214,11,36
David,Matthews,249 Casey Hill,North Rachel,26051,david@matthews.net,+44 44 9563963,line cook-2,Line Cook,OUL001,0215,2,77
Troy,Graham,0135 Henry Centers Apt. 789,Allisonhaven,11931,troy@graham.net,+44 44 8901499,line cook-3,Line Cook,OUL001,0216,4,79
Carrie,Moon,0418 Cheryl Lodge,Whiteland,17243,carrie@moon.net,+44 44 0134245,line cook-4,Line Cook,OUL001,0217,1,76
William,Miller,28091 Kristen Springs,Lake Patricia,55428,william@miller.net,+44 44 2577129,line cook-5,Line Cook,OUL001,0218,5,80
Alexander,Rangel,37875 Thomas Pike,New Lynnshire,25897,alexander@rangel.net,+44 44 9586783,line cook-6,Line Cook,OUL001,0219,3,78
Nicole,Fox,3821 Walters Mews Suite 574,West Gabriellaport,91986,nicole@fox.net,+44 44 1530360,line cook-7,Line Cook,OUL001,0220,3,78
Kristina,Parker,920 Nancy Island Suite 249,Ashleyfurt,66532,kristina@parker.net,+44 44 1989769,line cook-8,Line Cook,OUL001,0221,11,86
Todd,Carter,224 Teresa Highway,Ronaldstad,89786,todd@carter.net,+44 44 2797063,line cook-9,Line Cook,OUL001,0222,2,77
Melissa,Jimenez,6622 Jones Street,Shafferland,49874,melissa@jimenez.net,+44 44 0916479,line cook-10,Line Cook,OUL001,0223,5,80
Summer,Moody,90483 Mason Fort Apt. 699,Port Alexisburgh,29872,summer@moody.net,+44 44 0627887,line cook-11,Line Cook,OUL001,0224,3,78
Andrea,Barton,0924 Michelle Highway Suite 107,Kennethbury,69559,andrea@barton.net,+44 44 8375317,line cook-12,Line Cook,OUL001,0225,1,76
Susan,Collins,104 Leblanc Point Apt. 430,South Amandamouth,14314,susan@collins.net,+44 44 3902766,host-1,Host,OUL001,0226,2,52
Ronald,Coleman,878 Marsh Mews,Gabrielhaven,55329,ronald@coleman.net,+44 44 5823496,host-2,Host,OUL001,0227,10,60
John,Gonzalez,6125 Garcia Cliffs Suite 809,Lake Melissa,52905,john@gonzalez.net,+44 44 2110452,waiter-1,Waiter,OUL001,0228,9,109
Jasmine,Dunn,9447 Baker Meadow,Moonland,83511,jasmine@dunn.net,+44 44 7264538,host-3,Host,OUL001,0229,6,56
Arthur,Romero,6761 Kristin Manor Suite 674,West Ashley,12136,arthur@romero.net,+44 44 9717156,waiter-2,Waiter,OUL001,0230,8,108
Jeffery,Larson,90670 Amber Meadows Suite 906,North Ellen,18339,jeffery@larson.net,+44 44 9474522,waiter-3,Waiter,OUL001,0231,1,101
Misty,Alexander,249 Lisa Highway,West Thomas,26614,misty@alexander.net,+44 44 4595261,waiter-4,Waiter,OUL001,0232,1,101
Patrick,Allen,0361 Small Drive,Davisbury,56906,patrick@allen.net,+44 44 4097972,waiter-5,Waiter,OUL001,0233,1,101
Andrew,Morrow,8474 White Viaduct,Johnsonshire,44277,andrew@morrow.net,+44 44 3589437,waiter-6,Waiter,OUL001,0234,3,103
Kayla,Hunt,3684 Megan Stravenue Apt. 490,Kevinfort,15654,kayla@hunt.net,+44 44 7728355,waiter-7,Waiter,OUL001,0235,5,105
Dawn,Lopez,05588 Cruz Junctions Suite 133,Murrayton,47279,dawn@lopez.net,+44 44 1908268,waiter-8,Waiter,OUL001,0236,2,102
Crystal,Rubio,4774 Ellis Squares Apt. 014,Kristinfurt,11712,crystal@rubio.net,+44 44 7393637,waiter-9,Waiter,OUL001,0237,7,107
Lauren,Smith,2990 Ashley Locks,Riosborough,40985,lauren@smith.net,+44 44 7411007,waiter-10,Waiter,OUL001,0238,5,105
Henry,Hammond,53744 Mitchell Tunnel,Clarkmouth,44522,henry@hammond.net,+44 44 4305822,waiter-11,Waiter,OUL001,0239,4,104
Alan,Beck,48289 Curtis Road,West Matthew,81712,alan@beck.net,+44 44 3019181,waiter-12,Waiter,OUL001,0240,2,102
