employee_id,first_name,last_name,title_id,email,phone_number,restaurant_id,address,postal_code,experience_years,salary_id
0229,Jasmine,Dunn,1,jasmine@dunn.net,+44 44 7264538,OUL001,9447 Baker Meadow,83511,6,56
0227,Ronald,Coleman,1,ronald@coleman.net,+44 44 5823496,OUL001,878 Marsh Mews,55329,10,60
0226,Susan,Collins,1,susan@collins.net,+44 44 3902766,OUL001,104 Leblanc Point Apt. 430,14314,2,52
0199,Alexander,Haynes,1,alexander@haynes.net,+44 44 9733003,TRE002,4477 Hampton Circles,61653,3,53
0197,Taylor,Nguyen,1,taylor@nguyen.net,+44 44 9820527,TRE002,7718 Thompson Cove Suite 231,96290,3,53
0196,Heather,Mcdonald,1,heather@mcdonald.net,+44 44 8371871,TRE002,9963 Ashley Ways,36851,5,55
0169,Paul,Ruiz,1,paul@ruiz.net,+44 44 7211554,TRE001,3827 Johnson Port Apt. 406,6044,4,54
0167,Cathy,Stokes,1,cathy@stokes.net,+44 44 8924844,TRE001,62208 Renee Club Apt. 147,21784,2,52
0166,Joan,Kelly,1,joan@kelly.net,+44 44 0614836,TRE001,3515 Hanson Mountains Apt. 405,36874,4,54
0139,Kevin,Shepard,1,kevin@shepard.net,+44 44 5950054,TKU002,3327 Jessica Vista Apt. 145,56842,3,53
0137,Raymond,Black,1,raymond@black.net,+44 44 5663316,TKU002,6351 Kevin Estate Suite 643,51501,5,55
0136,Linda,Zimmerman,1,linda@zimmerman.net,+44 44 6507256,TKU002,2405 Justin Bridge,90216,2,52
0109,Michele,Jones,1,michele@jones.net,+44 44 4827334,TKU001,56659 Hoffman Dam Suite 185,43401,7,57
0107,Joseph,Tucker,1,joseph@tucker.net,+44 44 6006767,TKU001,6106 Cummings Vista,44069,5,55
0106,Douglas,Morrison,1,douglas@morrison.net,+44 44 2574948,TKU001,251 Matthew Stream,34653,4,54
0079,Shane,Mora,1,shane@mora.net,+44 44 3791386,HKI003,2665 Chang Fort Suite 521,22559,2,52
0077,Michelle,Taylor,1,michelle@taylor.net,+44 44 6322453,HKI003,427 Rios Greens Apt. 232,62415,3,53
0076,Margaret,Powell,1,margaret@powell.net,+44 44 7552565,HKI003,927 Jacob Knolls Suite 521,71535,3,53
0049,Sydney,Mcgrath,1,sydney@mcgrath.net,+44 44 0137020,HKI002,073 Foster Street Suite 249,64423,5,55
0047,Cheryl,Porter,1,cheryl@porter.net,+44 44 1234112,HKI002,4112 Sonya Lodge,98268,4,54
0046,James,Perez,1,james@perez.net,+44 44 1535489,HKI002,587 Oliver View,2687,2,52
0019,Donald,Johnson,1,donald@johnson.net,+44 44 7388092,HKI001,670 Olson Circles Apt. 422,23665,4,54
0017,Ryan,Gibson,1,ryan@gibson.net,+44 44 7858968,HKI001,665 Evans Stream,68983,9,59
0016,Randy,Castro,1,randy@castro.net,+44 44 2283078,HKI001,78472 Erin Branch Apt. 655,28764,8,58
0212,Robert,Johnson,2,robert@johnson.net,+44 44 9986053,OUL001,6346 Fox Curve,25473,1,1
0182,Nicholas,Harmon,2,nicholas@harmon.net,+44 44 2158432,TRE002,23814 Hudson Brooks Apt. 155,87738,9,9
0152,Angela,Richards,2,angela@richards.net,+44 44 6618742,TRE001,616 Rodriguez Lodge Apt. 602,94552,11,11
0122,Lisa,Peterson,2,lisa@peterson.net,+44 44 0798877,TKU002,4605 Sandra Unions,53604,7,7
0092,Ariel,Giles,2,ariel@giles.net,+44 44 1918912,TKU001,756 Gordon Bypass,36634,6,6
0062,David,Torres,2,david@torres.net,+44 44 5075373,HKI003,322 Lewis Crescent Suite 768,64718,3,3
0032,Randy,Rasmussen,2,randy@rasmussen.net,+44 44 0688127,HKI002,46521 Lane Streets,65617,5,5
0002,George,Rojas,2,george@rojas.net,+44 44 5508459,HKI001,7703 William Plaza,50507,8,8
0214,William,Burton,3,william@burton.net,+44 44 2151193,OUL001,40541 Anderson Valleys Apt. 670,27358,11,36
0211,Corey,Vargas,3,corey@vargas.net,+44 44 2347999,OUL001,77090 Stuart Port,45184,7,32
0184,Richard,Rodriguez,3,richard@rodriguez.net,+44 44 4714952,TRE002,4550 Ryan Lodge,26064,6,31
0181,Savannah,Hicks,3,savannah@hicks.net,+44 44 1076953,TRE002,2694 Janet Shoal,56569,3,28
0154,James,Powell,3,james@powell.net,+44 44 0389532,TRE001,28903 Mays Crest,97766,1,26
0151,Pamela,Thornton,3,pamela@thornton.net,+44 44 3117024,TRE001,1406 Mcgee Oval Apt. 978,36098,7,32
0124,Michael,Knox,3,michael@knox.net,+44 44 2356279,TKU002,5942 Brandon Shoal,37837,2,27
0121,Brenda,Thompson,3,brenda@thompson.net,+44 44 1201028,TKU002,10031 Sullivan Ville,16759,1,26
0094,Harold,Perkins,3,harold@perkins.net,+44 44 7781365,TKU001,19105 Walker Branch,56440,5,30
0091,Gregory,Lee,3,gregory@lee.net,+44 44 6835471,TKU001,5283 Jean Islands Apt. 859,52619,4,29
0064,Gregory,Morgan,3,gregory@morgan.net,+44 44 8031927,HKI003,40430 Huynh Lock,37175,9,34
0061,Mary,Velasquez,3,mary@velasquez.net,+44 44 9858799,HKI003,5494 Jennifer Bridge,38248,2,27
0034,Carol,Yoder,3,carol@yoder.net,+44 44 3154133,HKI002,263 Davis Fords,25649,6,31
0031,Rebecca,Brown,3,rebecca@brown.net,+44 44 2059566,HKI002,270 Gomez Ridges Suite 333,70650,4,29
0004,Christopher,Bowers,3,christopher@bowers.net,+44 44 7451334,HKI001,8050 Anna Crossing,52791,2,27
0001,Jennifer,Grant,3,jennifer@grant.net,+44 44 8756271,HKI001,2440 Amy Highway,76078,1,26
0240,Alan,Beck,4,alan@beck.net,+44 44 3019181,OUL001,48289 Curtis Road,81712,2,102
0239,Henry,Hammond,4,henry@hammond.net,+44 44 4305822,OUL001,53744 Mitchell Tunnel,44522,4,104
0238,Lauren,Smith,4,lauren@smith.net,+44 44 7411007,OUL001,2990 Ashley Locks,40985,5,105
0237,Crystal,Rubio,4,crystal@rubio.net,+44 44 7393637,OUL001,4774 Ellis Squares Apt. 014,11712,7,107
0236,Dawn,Lopez,4,dawn@lopez.net,+44 44 1908268,OUL001,05588 Cruz Junctions Suite 133,47279,2,102
0235,Kayla,Hunt,4,kayla@hunt.net,+44 44 7728355,OUL001,3684 Megan Stravenue Apt. 490,15654,5,105
0234,Andrew,Morrow,4,andrew@morrow.net,+44 44 3589437,OUL001,8474 White Viaduct,44277,3,103
0233,Patrick,Allen,4,patrick@allen.net,+44 44 4097972,OUL001,0361 Small Drive,56906,1,101
0232,Misty,Alexander,4,misty@alexander.net,+44 44 4595261,OUL001,249 Lisa Highway,26614,1,101
0231,Jeffery,Larson,4,jeffery@larson.net,+44 44 9474522,OUL001,90670 Amber Meadows Suite 906,18339,1,101
0230,Arthur,Romero,4,arthur@romero.net,+44 44 9717156,OUL001,6761 Kristin Manor Suite 674,12136,8,108
0228,John,Gonzalez,4,john@gonzalez.net,+44 44 2110452,OUL001,6125 Garcia Cliffs Suite 809,52905,9,109
0210,Jennifer,Russell,4,jennifer@russell.net,+44 44 3038321,TRE002,50561 Gregory Estates,89872,4,104
0209,Thomas,Greene,4,thomas@greene.net,+44 44 6715442,TRE002,14512 Thomas Harbors,76423,2,102
0208,Stephanie,Duarte,4,stephanie@duarte.net,+44 44 0007908,TRE002,2676 James Via,72819,4,104
0207,Theresa,Wyatt,4,theresa@wyatt.net,+44 44 3215397,TRE002,438 Webster Junctions Apt. 022,84587,1,101
0206,Jimmy,Trujillo,4,jimmy@trujillo.net,+44 44 0749321,TRE002,8627 Perez Field,90725,5,105
0205,Heather,Larsen,4,heather@larsen.net,+44 44 3179145,TRE002,1266 Rush Roads Suite 917,42911,3,103
0204,Michael,Wilkinson,4,michael@wilkinson.net,+44 44 7118832,TRE002,2347 Cheryl Burgs,57644,3,103
0203,Jimmy,Miles,4,jimmy@miles.net,+44 44 4739716,TRE002,941 Patel Mall Suite 280,21360,11,111
0202,Charles,Matthews,4,charles@matthews.net,+44 44 4881402,TRE002,7297 Carter Key,34469,15,115
0201,Katie,Dennis,4,katie@dennis.net,+44 44 6205670,TRE002,6833 Raymond Haven,68034,2,102
0200,Kathy,Thomas,4,kathy@thomas.net,+44 44 7062520,TRE002,37345 Jacob Dam Apt. 131,62211,4,104
0198,Derek,Harvey,4,derek@harvey.net,+44 44 2364961,TRE002,8992 Eric Rest Suite 742,60006,5,105
0180,Daniel,Johnson,4,daniel@johnson.net,+44 44 7350132,TRE001,28453 Kemp Mount Suite 441,63271,7,107
0179,Amanda,Adams,4,amanda@adams.net,+44 44 3538872,TRE001,2705 Wilson Islands,740,2,102
0178,Catherine,Adkins,4,catherine@adkins.net,+44 44 8183280,TRE001,43439 Rangel Estate Apt. 871,54463,5,105
0177,Mary,Martinez,4,mary@martinez.net,+44 44 3793334,TRE001,5006 Ana Mountains,70832,3,103
0176,Jeffrey,Thomas,4,jeffrey@thomas.net,+44 44 9751822,TRE001,056 Lisa Fork Suite 944,35547,1,101
0175,Andres,Smith,4,andres@smith.net,+44 44 6343021,TRE001,1712 Renee Turnpike,36914,1,101
0174,Anthony,Benson,4,anthony@benson.net,+44 44 5370103,TRE001,4986 Lauren Field,20879,1,101
0173,Tyler,Moore,4,tyler@moore.net,+44 44 4644662,TRE001,6858 Newman Pine Suite 095,66786,8,108
0172,Sherry,Myers,4,sherry@myers.net,+44 44 1510080,TRE001,40152 Ashley Highway Suite 321,98436,9,109
0171,Jordan,Russell,4,jordan@russell.net,+44 44 1428680,TRE001,7853 Stephen Summit,46031,4,104
0170,Tony,Hubbard,4,tony@hubbard.net,+44 44 1640620,TRE001,643 Tate Fork,99269,2,102
0168,Heather,Wright,4,heather@wright.net,+44 44 6664882,TRE001,33074 Martin Knoll Suite 933,50998,4,104
0150,Sarah,Franco,4,sarah@franco.net,+44 44 3290121,TKU002,608 Tammy Heights,62336,1,101
0149,Elizabeth,Washington,4,elizabeth@washington.net,+44 44 4898017,TKU002,8360 Davis Causeway Suite 828,58214,5,105
0148,Brian,Jackson,4,brian@jackson.net,+44 44 9206617,TKU002,5837 Robinson Pine,93098,3,103
0147,Joshua,Berry,4,joshua@berry.net,+44 44 8245297,TKU002,34596 Wilson Coves Apt. 623,28025,3,103
0146,Jason,Johnson,4,jason@johnson.net,+44 44 8951687,TKU002,482 Juan Crest Apt. 474,89725,11,111
0145,Kimberly,Martinez,4,kimberly@martinez.net,+44 44 7520828,TKU002,258 Tami Crest,4025,2,102
0144,Janet,Padilla,4,janet@padilla.net,+44 44 8303495,TKU002,03487 Travis Branch Apt. 540,65737,4,104
0143,Christopher,Gardner,4,christopher@gardner.net,+44 44 9793585,TKU002,670 Romero Street Apt. 315,94635,5,105
0142,Michael,Fisher,4,michael@fisher.net,+44 44 5204312,TKU002,097 Sanders Knolls Suite 937,99664,7,107
0141,Sean,Freeman,4,sean@freeman.net,+44 44 5193309,TKU002,232 Teresa Springs,63434,2,102
0140,Patricia,Kemp,4,patricia@kemp.net,+44 44 2960066,TKU002,64943 Nelson Bridge,81362,5,105
0138,Victor,Johnson,4,victor@johnson.net,+44 44 9907995,TKU002,565 Thomas Crescent Apt. 141,37576,3,103
0120,Stanley,Carter,4,stanley@carter.net,+44 44 0300564,TKU001,008 Hernandez Loop Apt. 316,83602,1,101
0119,Corey,Lozano,4,corey@lozano.net,+44 44 5088911,TKU001,940 Lindsey Isle,55974,1,101
0118,Stacey,Williams,4,stacey@williams.net,+44 44 5506623,TKU001,0760 William Plain,28630,1,101
0117,Teresa,Silva,4,teresa@silva.net,+44 44 5572368,TKU001,047 Potter Plain,47920,8,108
0116,Luis,Becker,4,luis@becker.net,+44 44 9005838,TKU001,5350 Stout Knoll,83986,9,109
0115,Amy,Pratt,4,amy@pratt.net,+44 44 1894633,TKU001,8302 Bradshaw Dale Suite 121,99019,4,104
0114,Albert,Martinez,4,albert@martinez.net,+44 44 4464834,TKU001,71309 Guzman Ports Apt. 411,35276,2,102
0113,Amy,Rosario,4,amy@rosario.net,+44 44 8897807,TKU001,79621 Catherine Ferry,6973,2,102
0112,Jeremy,Harrison,4,jeremy@harrison.net,+44 44 5087085,TKU001,75263 Gregory Via,57149,4,104
0111,Laurie,Murray,4,laurie@murray.net,+44 44 4946409,TKU001,680 Amanda Shore Apt. 103,25131,5,105
0110,Susan,Duran,4,susan@duran.net,+44 44 1609915,TKU001,108 Miranda Views,94821,7,107
0108,Phillip,Barnes,4,phillip@barnes.net,+44 44 6059734,TKU001,34724 Black Crossing Suite 279,27723,2,102
0090,Kimberly,Williams,4,kimberly@williams.net,+44 44 2265654,HKI003,38793 Thompson Brooks,88277,5,105
0089,Ross,Lambert,4,ross@lambert.net,+44 44 2313626,HKI003,6005 Reeves Hills Suite 956,88389,3,103
0088,John,Morgan,4,john@morgan.net,+44 44 6906134,HKI003,281 Amanda Centers Suite 693,56502,1,101
0087,Chelsea,Johnson,4,chelsea@johnson.net,+44 44 3155751,HKI003,918 Williams Forge Apt. 580,27712,1,101
0086,Tyler,Keith,4,tyler@keith.net,+44 44 4609673,HKI003,082 Tyler Green Apt. 985,83671,1,101
0085,Justin,Harrison,4,justin@harrison.net,+44 44 6088899,HKI003,74763 Russell Road,73468,8,108
0084,Joshua,Gardner,4,joshua@gardner.net,+44 44 4175556,HKI003,1187 Michael Canyon Apt. 029,52044,9,109
0083,Maria,Sanders,4,maria@sanders.net,+44 44 5557572,HKI003,341 Rachel Ports,21930,4,104
0082,James,Miller,4,james@miller.net,+44 44 1811700,HKI003,6806 Christopher Inlet Suite 109,51296,2,102
0081,Lynn,Jones,4,lynn@jones.net,+44 44 4597767,HKI003,042 Nunez Underpass,75578,4,104
0080,Daniel,Anderson,4,daniel@anderson.net,+44 44 8437792,HKI003,36725 Dennis Meadow Apt. 229,30128,1,101
0078,Sarah,Smith,4,sarah@smith.net,+44 44 7343958,HKI003,292 Kevin Trail Apt. 418,89426,5,105
0060,Kathy,Monroe,4,kathy@monroe.net,+44 44 2598703,HKI002,32759 Adams Greens,20474,2,102
0059,Ryan,Anderson,4,ryan@anderson.net,+44 44 7186533,HKI002,743 John Mount,71788,4,104
0058,Courtney,Daniel,4,courtney@daniel.net,+44 44 7562818,HKI002,732 Richards River Suite 274,40622,5,105
0057,Ronald,Bell,4,ronald@bell.net,+44 44 2376898,HKI002,3156 Robert Port,36123,7,107
0056,Laura,Davies,4,laura@davies.net,+44 44 3814962,HKI002,74480 Martin Drive,85089,2,102
0055,Meghan,Contreras,4,meghan@contreras.net,+44 44 8490946,HKI002,253 Frazier Stream Suite 097,9891,5,105
0054,Holly,Jackson,4,holly@jackson.net,+44 44 6290333,HKI002,0530 Stephanie Terrace,45761,3,103
0053,Barbara,Rodriguez,4,barbara@rodriguez.net,+44 44 7115079,HKI002,979 Victoria Neck,62474,1,101
0052,Cindy,Olsen,4,cindy@olsen.net,+44 44 0306349,HKI002,55669 Angela Plaza,73120,1,101
0051,Mary,Jimenez,4,mary@jimenez.net,+44 44 6394244,HKI002,391 Strickland Tunnel Apt. 642,43759,1,101
0050,Katelyn,Young,4,katelyn@young.net,+44 44 9658528,HKI002,971 Yates Way,51961,8,108
0048,Alexander,Lucas,4,alexander@lucas.net,+44 44 4809919,HKI002,13414 Joseph Unions,45922,9,109
0030,Jeffrey,Lyons,4,jeffrey@lyons.net,+44 44 3374042,HKI001,638 Scott Point Suite 422,44027,4,104
0029,Rachel,Thornton,4,rachel@thornton.net,+44 44 3102823,HKI001,2800 Hammond Ferry,12367,2,102
0028,Michael,Brady,4,michael@brady.net,+44 44 0253472,HKI001,834 Jacqueline Run,66595,4,104
0027,Thomas,Zuniga,4,thomas@zuniga.net,+44 44 5494462,HKI001,033 Curry Station,63845,1,101
0026,Yolanda,Stanley,4,yolanda@stanley.net,+44 44 1842784,HKI001,62925 Dyer Ferry,7730,5,105
0025,Valerie,Griffin,4,valerie@griffin.net,+44 44 9512045,HKI001,05350 Emma Club Apt. 146,48810,3,103
0024,Cassidy,Castaneda,4,cassidy@castaneda.net,+44 44 2104037,HKI001,9066 Mitchell Bridge Apt. 944,52087,3,103
0023,Katherine,Davis,4,katherine@davis.net,+44 44 0627196,HKI001,345 Theresa Lake Suite 090,83542,11,111
0022,James,Rogers,4,james@rogers.net,+44 44 1754114,HKI001,445 Scott Pass Apt. 337,72320,2,102
0021,John,Carr,4,john@carr.net,+44 44 8593323,HKI001,465 Maurice Ridges,50111,5,105
0020,Michael,Sosa,4,michael@sosa.net,+44 44 9597019,HKI001,83853 Julie Drive Suite 485,27719,3,103
0018,Justin,Oneill,4,justin@oneill.net,+44 44 3648513,HKI001,00911 Smith Locks Apt. 533,33246,1,101
0225,Andrea,Barton,5,andrea@barton.net,+44 44 8375317,OUL001,0924 Michelle Highway Suite 107,69559,1,76
0224,Summer,Moody,5,summer@moody.net,+44 44 0627887,OUL001,90483 Mason Fort Apt. 699,29872,3,78
0223,Melissa,Jimenez,5,melissa@jimenez.net,+44 44 0916479,OUL001,6622 Jones Street,49874,5,80
0222,Todd,Carter,5,todd@carter.net,+44 44 2797063,OUL001,224 Teresa Highway,89786,2,77
0221,Kristina,Parker,5,kristina@parker.net,+44 44 1989769,OUL001,920 Nancy Island Suite 249,66532,11,86
0220,Nicole,Fox,5,nicole@fox.net,+44 44 1530360,OUL001,3821 Walters Mews Suite 574,91986,3,78
0219,Alexander,Rangel,5,alexander@rangel.net,+44 44 9586783,OUL001,37875 Thomas Pike,25897,3,78
0218,William,Miller,5,william@miller.net,+44 44 2577129,OUL001,28091 Kristen Springs,55428,5,80
0217,Carrie,Moon,5,carrie@moon.net,+44 44 0134245,OUL001,0418 Cheryl Lodge,17243,1,76
0216,Troy,Graham,5,troy@graham.net,+44 44 8901499,OUL001,0135 Henry Centers Apt. 789,11931,4,79
0215,David,Matthews,5,david@matthews.net,+44 44 9563963,OUL001,249 Casey Hill,26051,2,77
0213,Madison,Chung,5,madison@chung.net,+44 44 3565670,OUL001,231 Smith Prairie,37260,4,79
0195,Jaime,Carter,5,jaime@carter.net,+44 44 7396968,TRE002,580 Kurt Circles Suite 136,73103,9,84
0194,Mark,Collier,5,mark@collier.net,+44 44 9183223,TRE002,7201 Butler Plaza,62995,8,83
0193,Wanda,George,5,wanda@george.net,+44 44 6223199,TRE002,550 Nicholas Burgs Apt. 299,80409,1,76
0192,Michael,Gilbert,5,michael@gilbert.net,+44 44 0387279,TRE002,475 Frank Islands,79129,1,76
0191,Maria,Camacho,5,maria@camacho.net,+44 44 2875121,TRE002,1744 Clark Road Apt. 400,16069,1,76
0190,Antonio,Howard,5,antonio@howard.net,+44 44 0881073,TRE002,20784 Bryan Station,53147,3,78
0189,George,Wood,5,george@wood.net,+44 44 8194739,TRE002,445 Curry Union,93126,5,80
0188,Anna,Greene,5,anna@greene.net,+44 44 0096456,TRE002,783 Eric Drive Suite 949,46501,2,77
0187,Morgan,Lewis,5,morgan@lewis.net,+44 44 9827719,TRE002,68439 Christina Stream,35187,7,82
0186,Douglas,Goodman,5,douglas@goodman.net,+44 44 7279367,TRE002,91086 Lauren Square Suite 159,2729,5,80
0185,James,Wright,5,james@wright.net,+44 44 2450792,TRE002,69329 Walker Knolls,69131,4,79
0183,Joseph,Smith,5,joseph@smith.net,+44 44 5971233,TRE002,744 Norton Coves,39505,2,77
0165,Carlos,Ferguson,5,carlos@ferguson.net,+44 44 6719118,TRE001,0218 Thomas Rest,63555,5,80
0164,Andrew,Randolph,5,andrew@randolph.net,+44 44 2438614,TRE001,17082 Paul Via Apt. 094,32488,1,76
0163,Melissa,Harper,5,melissa@harper.net,+44 44 6408136,TRE001,045 Wilkins Stream Apt. 248,77416,4,79
0162,Lisa,Strong,5,lisa@strong.net,+44 44 8535022,TRE001,04351 Dawn Walks Suite 941,42672,2,77
0161,Ryan,Wood,5,ryan@wood.net,+44 44 2176369,TRE001,4092 Jamie Glen Suite 965,48991,4,79
0160,Angel,Small,5,angel@small.net,+44 44 3808590,TRE001,48383 Ross Center,20056,9,84
0159,Timothy,Bentley,5,timothy@bentley.net,+44 44 2300461,TRE001,773 Scott Grove,67763,8,83
0158,Lisa,Hill,5,lisa@hill.net,+44 44 2151607,TRE001,395 Dominique Extensions Suite 025,55927,1,76
0157,John,Dixon,5,john@dixon.net,+44 44 0952913,TRE001,5864 Mathew Ports,9808,1,76
0156,Joann,Garcia,5,joann@garcia.net,+44 44 5394428,TRE001,1794 Lisa Plaza,27613,1,76
0155,Connor,Wright,5,connor@wright.net,+44 44 7403336,TRE001,0695 Davidson Drives,30091,3,78
0153,Selena,Vasquez,5,selena@vasquez.net,+44 44 8576501,TRE001,8030 Flores Bypass Apt. 001,13107,5,80
0135,Jessica,Wells,5,jessica@wells.net,+44 44 0546498,TKU002,9404 Avery Road,55425,2,77
0134,Scott,Martin,5,scott@martin.net,+44 44 5533775,TKU002,69880 Kelly Knoll,58880,7,82
0133,James,Smith,5,james@smith.net,+44 44 3521001,TKU002,515 Elizabeth Drives,61834,5,80
0132,Lindsey,Moore,5,lindsey@moore.net,+44 44 9071447,TKU002,6506 Scott Station Suite 486,57525,4,79
0131,Jack,Landry,5,jack@landry.net,+44 44 1527905,TKU002,010 Lee Lakes,77824,2,77
0130,Lauren,Willis,5,lauren@willis.net,+44 44 5548721,TKU002,43957 Williams Ville Apt. 763,1546,2,77
0129,Kimberly,Mathis,5,kimberly@mathis.net,+44 44 6212072,TKU002,46271 Michael Lights,46970,4,79
0128,Brandi,West,5,brandi@west.net,+44 44 0369725,TKU002,0867 Jennifer Summit Suite 722,12664,9,84
0127,Patricia,Bennett,5,patricia@bennett.net,+44 44 9566283,TKU002,55512 Flynn Spur Apt. 163,35641,8,83
0126,Angel,Alvarez,5,angel@alvarez.net,+44 44 9304022,TKU002,98628 Frank Brook Apt. 874,58945,1,76
0125,Steven,Hall,5,steven@hall.net,+44 44 2495423,TKU002,212 Willis Island Suite 058,49036,1,76
0123,Sean,Martin,5,sean@martin.net,+44 44 8658449,TKU002,694 Hill Lodge Apt. 743,23043,1,76
0105,Kyle,Wilkins,5,kyle@wilkins.net,+44 44 1526971,TKU001,20409 Sweeney Fords Suite 791,61061,3,78
0104,Courtney,Barajas,5,courtney@barajas.net,+44 44 1119341,TKU001,335 Deborah Spur Apt. 160,76486,5,80
0103,Angela,Williams,5,angela@williams.net,+44 44 3921814,TKU001,22691 Sandra Way,74345,2,77
0102,Theresa,Henderson,5,theresa@henderson.net,+44 44 2607895,TKU001,77739 Summer Mountains Apt. 205,97912,7,82
0101,Tanya,Rodriguez,5,tanya@rodriguez.net,+44 44 0113532,TKU001,356 Klein Pass Suite 861,80133,5,80
0100,Andrew,Mccormick,5,andrew@mccormick.net,+44 44 2724970,TKU001,85305 Lopez Ports,27517,4,79
0099,Michael,Caldwell,5,michael@caldwell.net,+44 44 4412577,TKU001,35887 Bailey Cliffs,69905,2,77
0098,Nancy,Crawford,5,nancy@crawford.net,+44 44 3299404,TKU001,85941 Randall Ramp Apt. 357,77182,11,86
0097,John,Collins,5,john@collins.net,+44 44 0845441,TKU001,1531 Rogers Alley Suite 049,75942,3,78
0096,Alexandria,Lewis,5,alexandria@lewis.net,+44 44 6632966,TKU001,729 Dustin Point,26692,3,78
0095,Diana,Nelson,5,diana@nelson.net,+44 44 4301392,TKU001,33776 Jasmin Hill Apt. 227,86512,5,80
0093,John,Daniel,5,john@daniel.net,+44 44 8246157,TKU001,32013 Jeffrey Mills Suite 619,75087,1,76
0075,Arthur,Oliver,5,arthur@oliver.net,+44 44 5624191,HKI003,2702 Haley Locks,76971,4,79
0074,Shelly,Lamb,5,shelly@lamb.net,+44 44 1566343,HKI003,722 Timothy Row Apt. 642,54576,2,77
0073,Travis,Miller,5,travis@miller.net,+44 44 5125862,HKI003,5555 Moran Ranch Apt. 593,68241,4,79
0072,Gregory,Benitez,5,gregory@benitez.net,+44 44 6570146,HKI003,84881 Gerald Viaduct,20044,9,84
0071,Susan,Brady,5,susan@brady.net,+44 44 2013099,HKI003,1431 William Vista,89718,8,83
0070,Angela,Scott,5,angela@scott.net,+44 44 1411226,HKI003,463 Sara Island Apt. 035,63694,1,76
0069,Nancy,Lee,5,nancy@lee.net,+44 44 4905974,HKI003,7792 Aguilar Oval,73081,1,76
0068,Nicholas,Stevens,5,nicholas@stevens.net,+44 44 6773350,HKI003,3395 Smith Shore,37163,1,76
0067,Eric,Flores,5,eric@flores.net,+44 44 0846654,HKI003,2850 Anderson Hollow,79213,3,78
0066,Hunter,Smith,5,hunter@smith.net,+44 44 5573816,HKI003,87459 Long Estates,25786,5,80
0065,Julian,Harris,5,julian@harris.net,+44 44 2611688,HKI003,5773 Martin Union,24269,2,77
0063,Patricia,Carrillo,5,patricia@carrillo.net,+44 44 4284758,HKI003,894 Robert Tunnel,72433,7,82
0045,Tracy,Wolfe,5,tracy@wolfe.net,+44 44 1058065,HKI002,227 Regina Ford,78610,5,80
0044,Kathleen,Lowery,5,kathleen@lowery.net,+44 44 2694429,HKI002,0513 Martin Park Apt. 621,83510,4,79
0043,Michael,Baxter,5,michael@baxter.net,+44 44 5170733,HKI002,602 Edward Lakes Suite 483,1414,2,77
0042,Joseph,Moran,5,joseph@moran.net,+44 44 1257454,HKI002,736 Crystal Knolls,56147,15,90
0041,Scott,Carroll,5,scott@carroll.net,+44 44 2728756,HKI002,94038 Moreno Village Suite 637,25630,11,86
0040,Paul,Lucero,5,paul@lucero.net,+44 44 2760575,HKI002,726 Arnold Loop,11539,3,78
0039,Jacqueline,Murphy,5,jacqueline@murphy.net,+44 44 0697345,HKI002,64434 Roberts Crossing,94910,3,78
0038,Joseph,Watkins,5,joseph@watkins.net,+44 44 9823841,HKI002,0048 Elizabeth Court Apt. 125,26389,5,80
0037,Crystal,Rhodes,5,crystal@rhodes.net,+44 44 4040157,HKI002,9073 Rebekah Radial Suite 436,55802,1,76
0036,Dustin,Peterson,5,dustin@peterson.net,+44 44 3766209,HKI002,7196 David Fords,5788,4,79
0035,Abigail,Farrell,5,abigail@farrell.net,+44 44 1832892,HKI002,86490 Nancy Ferry,93350,2,77
0033,James,Collins,5,james@collins.net,+44 44 7503591,HKI002,8220 Corey Highway Apt. 812,71075,4,79
0015,Richard,Moore,5,richard@moore.net,+44 44 9037221,HKI001,07569 Gavin Stravenue Apt. 007,68090,9,84
0014,Nicole,Carrillo,5,nicole@carrillo.net,+44 44 8317066,HKI001,3785 Elizabeth Pike Suite 756,36616,8,83
0013,Jeffrey,Kelly,5,jeffrey@kelly.net,+44 44 9909747,HKI001,6811 Joshua Key,45401,1,76
0012,Laura,Hood,5,laura@hood.net,+44 44 0038032,HKI001,10737 Meyers Row Apt. 686,47127,1,76
0011,Matthew,Clark,5,matthew@clark.net,+44 44 5941869,HKI001,7056 Watson Cliff,47545,1,76
0010,David,Garcia,5,david@garcia.net,+44 44 4776052,HKI001,5930 Christine Junction Apt. 086,56078,3,78
0009,Richard,White,5,richard@white.net,+44 44 0958519,HKI001,136 Bonnie Plaza Suite 807,98093,5,80
0008,Charles,Brady,5,charles@brady.net,+44 44 9421734,HKI001,85189 Arnold Pike,8944,2,77
0007,William,Phelps,5,william@phelps.net,+44 44 5886456,HKI001,11142 Stevens Views Apt. 707,8094,7,82
0006,Kenneth,Levine,5,kenneth@levine.net,+44 44 5179236,HKI001,35959 Benjamin Creek Suite 073,16386,5,80
0005,Timothy,Harmon,5,timothy@harmon.net,+44 44 1244302,HKI001,863 Cooper Key Suite 282,97186,4,79
0003,Lisa,Monroe,5,lisa@monroe.net,+44 44 3727410,HKI001,4626 Timothy Motorway Apt. 418,99182,2,77
